metric,mean_CI_width,max_CI_width,min_CI_width
avg_spread,0.05856040303118224,0.3379260126481123,0.004490662388369371
price_volatility,5.472029568710244e-06,2.9547235359534224e-05,2.0031392076719025e-08
mm_pnl_per_1k_trades,4.935077760329565,38.1587677649984,0.2179467681779217
