metric,mean_CI_width,max_CI_width,min_CI_width
avg_spread,0.04134005377100362,0.23855504420034812,0.003170132290649663
mean_exec_time,259.3145833206945,425.40144239435847,129.35611616982374
mm_pnl_per_1k_trades,3.483862292878593,26.93775024738636,0.15385705441429787
