order_size_mean,avg_spread_mean
1.0,1.5063735382744838
5.0,1.7831757050978938
10.0,1.8025325566620132
20.0,1.8076890367312533
30.0,1.8072050806653968
