mm_base_spread,avg_spread_mean
0.1,1.506977054767193
0.25,1.559986137324146
0.5,1.666061709493366
1.0,1.8523034448223619
2.0,2.121647571023974
