order_size_mean,median_exec_time_mean
1.0,15.366185397728486
5.0,22.313881277750152
10.0,23.963010362187347
20.0,24.87339240551107
30.0,25.30557300566037
