order_size_mean,mean_exec_time_mean
1.0,688.27241336497
5.0,749.0445273247597
10.0,767.3006259545905
20.0,786.6086550503293
30.0,794.4122186426576
