mm_base_spread,mean_exec_time_mean
0.1,750.6243972513325
0.25,746.286699233323
0.5,748.4277407160297
1.0,758.7506477840341
2.0,781.5489553525878
