mm_base_spread,mm_pnl_per_1k_trades_mean
0.1,10.157788717475349
0.25,24.14983232249933
0.5,43.65631660659942
1.0,70.5315992275658
2.0,96.39905797379423
