mm_base_spread,median_exec_time_mean
0.1,20.86476703956142
0.25,21.572589228694998
0.5,22.376106349900837
1.0,23.409872254341042
2.0,23.59870757633913
