order_size_mean,mm_pnl_per_1k_trades_mean
1.0,167.8498494620444
5.0,39.9608930956434
10.0,20.252748239120514
20.0,10.08489470525164
30.0,6.746209345874148
